date,type,geoRegion,type_variant,entries,sumTotal,version
2021-06-07,COVID19Certificates,CH,all,265,265,2021-09-23_09-56-46
2021-06-07,COVID19Certificates,CH,recovered,14,14,2021-09-23_09-56-46
2021-06-07,COVID19Certificates,CH,tested,2,2,2021-09-23_09-56-46
2021-06-07,COVID19Certificates,CH,vaccinated,249,249,2021-09-23_09-56-46
2021-06-08,COVID19Certificates,CH,all,3537,3802,2021-09-23_09-56-46
2021-06-08,COVID19Certificates,CH,recovered,12,26,2021-09-23_09-56-46
2021-06-08,COVID19Certificates,CH,tested,6,8,2021-09-23_09-56-46
2021-06-08,COVID19Certificates,CH,vaccinated,3519,3768,2021-09-23_09-56-46
2021-06-09,COVID19Certificates,CH,all,19581,23383,2021-09-23_09-56-46
2021-06-09,COVID19Certificates,CH,recovered,11,37,2021-09-23_09-56-46
2021-06-09,COVID19Certificates,CH,tested,2,10,2021-09-23_09-56-46
2021-06-09,COVID19Certificates,CH,vaccinated,19568,23336,2021-09-23_09-56-46
2021-06-10,COVID19Certificates,CH,all,90845,114228,2021-09-23_09-56-46
2021-06-10,COVID19Certificates,CH,recovered,17,54,2021-09-23_09-56-46
2021-06-10,COVID19Certificates,CH,tested,8,18,2021-09-23_09-56-46
2021-06-10,COVID19Certificates,CH,vaccinated,90820,114156,2021-09-23_09-56-46
2021-06-11,COVID19Certificates,CH,all,142794,257022,2021-09-23_09-56-46
2021-06-11,COVID19Certificates,CH,recovered,22,76,2021-09-23_09-56-46
2021-06-11,COVID19Certificates,CH,tested,45,63,2021-09-23_09-56-46
2021-06-11,COVID19Certificates,CH,vaccinated,142727,256883,2021-09-23_09-56-46
2021-06-12,COVID19Certificates,CH,all,70566,327588,2021-09-23_09-56-46
2021-06-12,COVID19Certificates,CH,recovered,6,82,2021-09-23_09-56-46
2021-06-12,COVID19Certificates,CH,tested,3,66,2021-09-23_09-56-46
2021-06-12,COVID19Certificates,CH,vaccinated,70557,327440,2021-09-23_09-56-46
2021-06-13,COVID19Certificates,CH,all,121893,449481,2021-09-23_09-56-46
2021-06-13,COVID19Certificates,CH,recovered,39,121,2021-09-23_09-56-46
2021-06-13,COVID19Certificates,CH,tested,63,129,2021-09-23_09-56-46
2021-06-13,COVID19Certificates,CH,vaccinated,121791,449231,2021-09-23_09-56-46
2021-06-14,COVID19Certificates,CH,all,226536,676017,2021-09-23_09-56-46
2021-06-14,COVID19Certificates,CH,recovered,21140,21261,2021-09-23_09-56-46
2021-06-14,COVID19Certificates,CH,tested,70,199,2021-09-23_09-56-46
2021-06-14,COVID19Certificates,CH,vaccinated,205326,654557,2021-09-23_09-56-46
2021-06-15,COVID19Certificates,CH,all,286096,962113,2021-09-23_09-56-46
2021-06-15,COVID19Certificates,CH,recovered,6575,27836,2021-09-23_09-56-46
2021-06-15,COVID19Certificates,CH,tested,114,313,2021-09-23_09-56-46
2021-06-15,COVID19Certificates,CH,vaccinated,279407,933964,2021-09-23_09-56-46
2021-06-16,COVID19Certificates,CH,all,235318,1197431,2021-09-23_09-56-46
2021-06-16,COVID19Certificates,CH,recovered,3883,31719,2021-09-23_09-56-46
2021-06-16,COVID19Certificates,CH,tested,164,477,2021-09-23_09-56-46
2021-06-16,COVID19Certificates,CH,vaccinated,231271,1165235,2021-09-23_09-56-46
2021-06-17,COVID19Certificates,CH,all,128785,1326216,2021-09-23_09-56-46
2021-06-17,COVID19Certificates,CH,recovered,4274,35993,2021-09-23_09-56-46
2021-06-17,COVID19Certificates,CH,tested,368,845,2021-09-23_09-56-46
2021-06-17,COVID19Certificates,CH,vaccinated,124143,1289378,2021-09-23_09-56-46
2021-06-18,COVID19Certificates,CH,all,476930,1803146,2021-09-23_09-56-46
2021-06-18,COVID19Certificates,CH,recovered,5233,41226,2021-09-23_09-56-46
2021-06-18,COVID19Certificates,CH,tested,435,1280,2021-09-23_09-56-46
2021-06-18,COVID19Certificates,CH,vaccinated,471262,1760640,2021-09-23_09-56-46
2021-06-19,COVID19Certificates,CH,all,37306,1840452,2021-09-23_09-56-46
2021-06-19,COVID19Certificates,CH,recovered,1239,42465,2021-09-23_09-56-46
2021-06-19,COVID19Certificates,CH,tested,273,1553,2021-09-23_09-56-46
2021-06-19,COVID19Certificates,CH,vaccinated,35794,1796434,2021-09-23_09-56-46
2021-06-20,COVID19Certificates,CH,all,49400,1889852,2021-09-23_09-56-46
2021-06-20,COVID19Certificates,CH,recovered,1470,43935,2021-09-23_09-56-46
2021-06-20,COVID19Certificates,CH,tested,161,1714,2021-09-23_09-56-46
2021-06-20,COVID19Certificates,CH,vaccinated,47769,1844203,2021-09-23_09-56-46
2021-06-21,COVID19Certificates,CH,all,258680,2148532,2021-09-23_09-56-46
2021-06-21,COVID19Certificates,CH,recovered,3841,47776,2021-09-23_09-56-46
2021-06-21,COVID19Certificates,CH,tested,341,2055,2021-09-23_09-56-46
2021-06-21,COVID19Certificates,CH,vaccinated,254498,2098701,2021-09-23_09-56-46
2021-06-22,COVID19Certificates,CH,all,181743,2330275,2021-09-23_09-56-46
2021-06-22,COVID19Certificates,CH,recovered,4081,51857,2021-09-23_09-56-46
2021-06-22,COVID19Certificates,CH,tested,500,2555,2021-09-23_09-56-46
2021-06-22,COVID19Certificates,CH,vaccinated,177162,2275863,2021-09-23_09-56-46
2021-06-23,COVID19Certificates,CH,all,108960,2439235,2021-09-23_09-56-46
2021-06-23,COVID19Certificates,CH,recovered,5326,57183,2021-09-23_09-56-46
2021-06-23,COVID19Certificates,CH,tested,769,3324,2021-09-23_09-56-46
2021-06-23,COVID19Certificates,CH,vaccinated,102865,2378728,2021-09-23_09-56-46
2021-06-24,COVID19Certificates,CH,all,89943,2529178,2021-09-23_09-56-46
2021-06-24,COVID19Certificates,CH,recovered,5419,62602,2021-09-23_09-56-46
2021-06-24,COVID19Certificates,CH,tested,1390,4714,2021-09-23_09-56-46
2021-06-24,COVID19Certificates,CH,vaccinated,83134,2461862,2021-09-23_09-56-46
2021-06-25,COVID19Certificates,CH,all,138383,2667561,2021-09-23_09-56-46
2021-06-25,COVID19Certificates,CH,recovered,5282,67884,2021-09-23_09-56-46
2021-06-25,COVID19Certificates,CH,tested,5280,9994,2021-09-23_09-56-46
2021-06-25,COVID19Certificates,CH,vaccinated,127821,2589683,2021-09-23_09-56-46
2021-06-26,COVID19Certificates,CH,all,52079,2719640,2021-09-23_09-56-46
2021-06-26,COVID19Certificates,CH,recovered,1546,69430,2021-09-23_09-56-46
2021-06-26,COVID19Certificates,CH,tested,4903,14897,2021-09-23_09-56-46
2021-06-26,COVID19Certificates,CH,vaccinated,45630,2635313,2021-09-23_09-56-46
2021-06-27,COVID19Certificates,CH,all,33487,2753127,2021-09-23_09-56-46
2021-06-27,COVID19Certificates,CH,recovered,1621,71051,2021-09-23_09-56-46
2021-06-27,COVID19Certificates,CH,tested,1154,16051,2021-09-23_09-56-46
2021-06-27,COVID19Certificates,CH,vaccinated,30712,2666025,2021-09-23_09-56-46
2021-06-28,COVID19Certificates,CH,all,137425,2890552,2021-09-23_09-56-46
2021-06-28,COVID19Certificates,CH,recovered,2608,73659,2021-09-23_09-56-46
2021-06-28,COVID19Certificates,CH,tested,5272,21323,2021-09-23_09-56-46
2021-06-28,COVID19Certificates,CH,vaccinated,129545,2795570,2021-09-23_09-56-46
2021-06-29,COVID19Certificates,CH,all,100117,2990669,2021-09-23_09-56-46
2021-06-29,COVID19Certificates,CH,recovered,1959,75618,2021-09-23_09-56-46
2021-06-29,COVID19Certificates,CH,tested,5428,26751,2021-09-23_09-56-46
2021-06-29,COVID19Certificates,CH,vaccinated,92730,2888300,2021-09-23_09-56-46
2021-06-30,COVID19Certificates,CH,all,218685,3209354,2021-09-23_09-56-46
2021-06-30,COVID19Certificates,CH,recovered,2223,77841,2021-09-23_09-56-46
2021-06-30,COVID19Certificates,CH,tested,11122,37873,2021-09-23_09-56-46
2021-06-30,COVID19Certificates,CH,vaccinated,205340,3093640,2021-09-23_09-56-46
2021-07-01,COVID19Certificates,CH,all,144685,3354039,2021-09-23_09-56-46
2021-07-01,COVID19Certificates,CH,recovered,1928,79769,2021-09-23_09-56-46
2021-07-01,COVID19Certificates,CH,tested,22841,60714,2021-09-23_09-56-46
2021-07-01,COVID19Certificates,CH,vaccinated,119916,3213556,2021-09-23_09-56-46
2021-07-02,COVID19Certificates,CH,all,114038,3468077,2021-09-23_09-56-46
2021-07-02,COVID19Certificates,CH,recovered,2048,81817,2021-09-23_09-56-46
2021-07-02,COVID19Certificates,CH,tested,39449,100163,2021-09-23_09-56-46
2021-07-02,COVID19Certificates,CH,vaccinated,72541,3286097,2021-09-23_09-56-46
2021-07-03,COVID19Certificates,CH,all,78453,3546530,2021-09-23_09-56-46
2021-07-03,COVID19Certificates,CH,recovered,1197,83014,2021-09-23_09-56-46
2021-07-03,COVID19Certificates,CH,tested,32013,132176,2021-09-23_09-56-46
2021-07-03,COVID19Certificates,CH,vaccinated,45243,3331340,2021-09-23_09-56-46
2021-07-04,COVID19Certificates,CH,all,40202,3586732,2021-09-23_09-56-46
2021-07-04,COVID19Certificates,CH,recovered,1305,84319,2021-09-23_09-56-46
2021-07-04,COVID19Certificates,CH,tested,12074,144250,2021-09-23_09-56-46
2021-07-04,COVID19Certificates,CH,vaccinated,26823,3358163,2021-09-23_09-56-46
2021-07-05,COVID19Certificates,CH,all,93170,3679902,2021-09-23_09-56-46
2021-07-05,COVID19Certificates,CH,recovered,1804,86123,2021-09-23_09-56-46
2021-07-05,COVID19Certificates,CH,tested,17996,162246,2021-09-23_09-56-46
2021-07-05,COVID19Certificates,CH,vaccinated,73370,3431533,2021-09-23_09-56-46
2021-07-06,COVID19Certificates,CH,all,106959,3786861,2021-09-23_09-56-46
2021-07-06,COVID19Certificates,CH,recovered,1756,87879,2021-09-23_09-56-46
2021-07-06,COVID19Certificates,CH,tested,20550,182796,2021-09-23_09-56-46
2021-07-06,COVID19Certificates,CH,vaccinated,84653,3516186,2021-09-23_09-56-46
2021-07-07,COVID19Certificates,CH,all,217725,4004586,2021-09-23_09-56-46
2021-07-07,COVID19Certificates,CH,recovered,1673,89552,2021-09-23_09-56-46
2021-07-07,COVID19Certificates,CH,tested,26301,209097,2021-09-23_09-56-46
2021-07-07,COVID19Certificates,CH,vaccinated,189751,3705937,2021-09-23_09-56-46
2021-07-08,COVID19Certificates,CH,all,136350,4140936,2021-09-23_09-56-46
2021-07-08,COVID19Certificates,CH,recovered,1656,91208,2021-09-23_09-56-46
2021-07-08,COVID19Certificates,CH,tested,39242,248339,2021-09-23_09-56-46
2021-07-08,COVID19Certificates,CH,vaccinated,95452,3801389,2021-09-23_09-56-46
2021-07-09,COVID19Certificates,CH,all,180297,4321233,2021-09-23_09-56-46
2021-07-09,COVID19Certificates,CH,recovered,2136,93344,2021-09-23_09-56-46
2021-07-09,COVID19Certificates,CH,tested,63955,312294,2021-09-23_09-56-46
2021-07-09,COVID19Certificates,CH,vaccinated,114206,3915595,2021-09-23_09-56-46
2021-07-10,COVID19Certificates,CH,all,108484,4429717,2021-09-23_09-56-46
2021-07-10,COVID19Certificates,CH,recovered,1606,94950,2021-09-23_09-56-46
2021-07-10,COVID19Certificates,CH,tested,48258,360552,2021-09-23_09-56-46
2021-07-10,COVID19Certificates,CH,vaccinated,58620,3974215,2021-09-23_09-56-46
2021-07-11,COVID19Certificates,CH,all,50130,4479847,2021-09-23_09-56-46
2021-07-11,COVID19Certificates,CH,recovered,1433,96383,2021-09-23_09-56-46
2021-07-11,COVID19Certificates,CH,tested,18834,379386,2021-09-23_09-56-46
2021-07-11,COVID19Certificates,CH,vaccinated,29863,4004078,2021-09-23_09-56-46
2021-07-12,COVID19Certificates,CH,all,126205,4606052,2021-09-23_09-56-46
2021-07-12,COVID19Certificates,CH,recovered,2258,98641,2021-09-23_09-56-46
2021-07-12,COVID19Certificates,CH,tested,26064,405450,2021-09-23_09-56-46
2021-07-12,COVID19Certificates,CH,vaccinated,97883,4101961,2021-09-23_09-56-46
2021-07-13,COVID19Certificates,CH,all,122272,4728324,2021-09-23_09-56-46
2021-07-13,COVID19Certificates,CH,recovered,2445,101086,2021-09-23_09-56-46
2021-07-13,COVID19Certificates,CH,tested,25063,430513,2021-09-23_09-56-46
2021-07-13,COVID19Certificates,CH,vaccinated,94764,4196725,2021-09-23_09-56-46
2021-07-14,COVID19Certificates,CH,all,106133,4834457,2021-09-23_09-56-46
2021-07-14,COVID19Certificates,CH,recovered,1600,102686,2021-09-23_09-56-46
2021-07-14,COVID19Certificates,CH,tested,33739,464252,2021-09-23_09-56-46
2021-07-14,COVID19Certificates,CH,vaccinated,70794,4267519,2021-09-23_09-56-46
2021-07-15,COVID19Certificates,CH,all,127618,4962075,2021-09-23_09-56-46
2021-07-15,COVID19Certificates,CH,recovered,1494,104180,2021-09-23_09-56-46
2021-07-15,COVID19Certificates,CH,tested,53298,517550,2021-09-23_09-56-46
2021-07-15,COVID19Certificates,CH,vaccinated,72826,4340345,2021-09-23_09-56-46
2021-07-16,COVID19Certificates,CH,all,155462,5117537,2021-09-23_09-56-46
2021-07-16,COVID19Certificates,CH,recovered,1471,105651,2021-09-23_09-56-46
2021-07-16,COVID19Certificates,CH,tested,78818,596368,2021-09-23_09-56-46
2021-07-16,COVID19Certificates,CH,vaccinated,75173,4415518,2021-09-23_09-56-46
2021-07-17,COVID19Certificates,CH,all,100603,5218140,2021-09-23_09-56-46
2021-07-17,COVID19Certificates,CH,recovered,802,106453,2021-09-23_09-56-46
2021-07-17,COVID19Certificates,CH,tested,59202,655570,2021-09-23_09-56-46
2021-07-17,COVID19Certificates,CH,vaccinated,40599,4456117,2021-09-23_09-56-46
2021-07-18,COVID19Certificates,CH,all,44416,5262556,2021-09-23_09-56-46
2021-07-18,COVID19Certificates,CH,recovered,1085,107538,2021-09-23_09-56-46
2021-07-18,COVID19Certificates,CH,tested,22961,678531,2021-09-23_09-56-46
2021-07-18,COVID19Certificates,CH,vaccinated,20370,4476487,2021-09-23_09-56-46
2021-07-19,COVID19Certificates,CH,all,103411,5365967,2021-09-23_09-56-46
2021-07-19,COVID19Certificates,CH,recovered,1477,109015,2021-09-23_09-56-46
2021-07-19,COVID19Certificates,CH,tested,30703,709234,2021-09-23_09-56-46
2021-07-19,COVID19Certificates,CH,vaccinated,71231,4547718,2021-09-23_09-56-46
2021-07-20,COVID19Certificates,CH,all,94020,5459987,2021-09-23_09-56-46
2021-07-20,COVID19Certificates,CH,recovered,1318,110333,2021-09-23_09-56-46
2021-07-20,COVID19Certificates,CH,tested,28726,737960,2021-09-23_09-56-46
2021-07-20,COVID19Certificates,CH,vaccinated,63976,4611694,2021-09-23_09-56-46
2021-07-21,COVID19Certificates,CH,all,94414,5554401,2021-09-23_09-56-46
2021-07-21,COVID19Certificates,CH,recovered,1355,111688,2021-09-23_09-56-46
2021-07-21,COVID19Certificates,CH,tested,34995,772955,2021-09-23_09-56-46
2021-07-21,COVID19Certificates,CH,vaccinated,58064,4669758,2021-09-23_09-56-46
2021-07-22,COVID19Certificates,CH,all,105194,5659595,2021-09-23_09-56-46
2021-07-22,COVID19Certificates,CH,recovered,1158,112846,2021-09-23_09-56-46
2021-07-22,COVID19Certificates,CH,tested,54145,827100,2021-09-23_09-56-46
2021-07-22,COVID19Certificates,CH,vaccinated,49891,4719649,2021-09-23_09-56-46
2021-07-23,COVID19Certificates,CH,all,130261,5789856,2021-09-23_09-56-46
2021-07-23,COVID19Certificates,CH,recovered,1182,114028,2021-09-23_09-56-46
2021-07-23,COVID19Certificates,CH,tested,80146,907246,2021-09-23_09-56-46
2021-07-23,COVID19Certificates,CH,vaccinated,48933,4768582,2021-09-23_09-56-46
2021-07-24,COVID19Certificates,CH,all,91526,5881382,2021-09-23_09-56-46
2021-07-24,COVID19Certificates,CH,recovered,719,114747,2021-09-23_09-56-46
2021-07-24,COVID19Certificates,CH,tested,60823,968069,2021-09-23_09-56-46
2021-07-24,COVID19Certificates,CH,vaccinated,29984,4798566,2021-09-23_09-56-46
2021-07-25,COVID19Certificates,CH,all,36134,5917516,2021-09-23_09-56-46
2021-07-25,COVID19Certificates,CH,recovered,825,115572,2021-09-23_09-56-46
2021-07-25,COVID19Certificates,CH,tested,22991,991060,2021-09-23_09-56-46
2021-07-25,COVID19Certificates,CH,vaccinated,12318,4810884,2021-09-23_09-56-46
2021-07-26,COVID19Certificates,CH,all,81969,5999485,2021-09-23_09-56-46
2021-07-26,COVID19Certificates,CH,recovered,1356,116928,2021-09-23_09-56-46
2021-07-26,COVID19Certificates,CH,tested,33080,1024140,2021-09-23_09-56-46
2021-07-26,COVID19Certificates,CH,vaccinated,47533,4858417,2021-09-23_09-56-46
2021-07-27,COVID19Certificates,CH,all,72299,6071784,2021-09-23_09-56-46
2021-07-27,COVID19Certificates,CH,recovered,1121,118049,2021-09-23_09-56-46
2021-07-27,COVID19Certificates,CH,tested,28997,1053137,2021-09-23_09-56-46
2021-07-27,COVID19Certificates,CH,vaccinated,42181,4900598,2021-09-23_09-56-46
2021-07-28,COVID19Certificates,CH,all,68686,6140470,2021-09-23_09-56-46
2021-07-28,COVID19Certificates,CH,recovered,1167,119216,2021-09-23_09-56-46
2021-07-28,COVID19Certificates,CH,tested,33362,1086499,2021-09-23_09-56-46
2021-07-28,COVID19Certificates,CH,vaccinated,34157,4934755,2021-09-23_09-56-46
2021-07-29,COVID19Certificates,CH,all,80189,6220659,2021-09-23_09-56-46
2021-07-29,COVID19Certificates,CH,recovered,1101,120317,2021-09-23_09-56-46
2021-07-29,COVID19Certificates,CH,tested,47033,1133532,2021-09-23_09-56-46
2021-07-29,COVID19Certificates,CH,vaccinated,32055,4966810,2021-09-23_09-56-46
2021-07-30,COVID19Certificates,CH,all,106277,6326936,2021-09-23_09-56-46
2021-07-30,COVID19Certificates,CH,recovered,1168,121485,2021-09-23_09-56-46
2021-07-30,COVID19Certificates,CH,tested,72446,1205978,2021-09-23_09-56-46
2021-07-30,COVID19Certificates,CH,vaccinated,32663,4999473,2021-09-23_09-56-46
2021-07-31,COVID19Certificates,CH,all,75077,6402013,2021-09-23_09-56-46
2021-07-31,COVID19Certificates,CH,recovered,855,122340,2021-09-23_09-56-46
2021-07-31,COVID19Certificates,CH,tested,62423,1268401,2021-09-23_09-56-46
2021-07-31,COVID19Certificates,CH,vaccinated,11799,5011272,2021-09-23_09-56-46
2021-08-01,COVID19Certificates,CH,all,29135,6431148,2021-09-23_09-56-46
2021-08-01,COVID19Certificates,CH,recovered,656,122996,2021-09-23_09-56-46
2021-08-01,COVID19Certificates,CH,tested,23947,1292348,2021-09-23_09-56-46
2021-08-01,COVID19Certificates,CH,vaccinated,4532,5015804,2021-09-23_09-56-46
2021-08-02,COVID19Certificates,CH,all,60051,6491199,2021-09-23_09-56-46
2021-08-02,COVID19Certificates,CH,recovered,1106,124102,2021-09-23_09-56-46
2021-08-02,COVID19Certificates,CH,tested,34417,1326765,2021-09-23_09-56-46
2021-08-02,COVID19Certificates,CH,vaccinated,24528,5040332,2021-09-23_09-56-46
2021-08-03,COVID19Certificates,CH,all,58290,6549489,2021-09-23_09-56-46
2021-08-03,COVID19Certificates,CH,recovered,1256,125358,2021-09-23_09-56-46
2021-08-03,COVID19Certificates,CH,tested,26564,1353329,2021-09-23_09-56-46
2021-08-03,COVID19Certificates,CH,vaccinated,30470,5070802,2021-09-23_09-56-46
2021-08-04,COVID19Certificates,CH,all,53623,6603112,2021-09-23_09-56-46
2021-08-04,COVID19Certificates,CH,recovered,1093,126451,2021-09-23_09-56-46
2021-08-04,COVID19Certificates,CH,tested,28113,1381442,2021-09-23_09-56-46
2021-08-04,COVID19Certificates,CH,vaccinated,24417,5095219,2021-09-23_09-56-46
2021-08-05,COVID19Certificates,CH,all,64521,6667633,2021-09-23_09-56-46
2021-08-05,COVID19Certificates,CH,recovered,1132,127583,2021-09-23_09-56-46
2021-08-05,COVID19Certificates,CH,tested,40161,1421603,2021-09-23_09-56-46
2021-08-05,COVID19Certificates,CH,vaccinated,23228,5118447,2021-09-23_09-56-46
2021-08-06,COVID19Certificates,CH,all,91437,6759070,2021-09-23_09-56-46
2021-08-06,COVID19Certificates,CH,recovered,1280,128863,2021-09-23_09-56-46
2021-08-06,COVID19Certificates,CH,tested,62889,1484492,2021-09-23_09-56-46
2021-08-06,COVID19Certificates,CH,vaccinated,27268,5145715,2021-09-23_09-56-46
2021-08-07,COVID19Certificates,CH,all,61768,6820838,2021-09-23_09-56-46
2021-08-07,COVID19Certificates,CH,recovered,971,129834,2021-09-23_09-56-46
2021-08-07,COVID19Certificates,CH,tested,51310,1535802,2021-09-23_09-56-46
2021-08-07,COVID19Certificates,CH,vaccinated,9487,5155202,2021-09-23_09-56-46
2021-08-08,COVID19Certificates,CH,all,27889,6848727,2021-09-23_09-56-46
2021-08-08,COVID19Certificates,CH,recovered,638,130472,2021-09-23_09-56-46
2021-08-08,COVID19Certificates,CH,tested,22429,1558231,2021-09-23_09-56-46
2021-08-08,COVID19Certificates,CH,vaccinated,4822,5160024,2021-09-23_09-56-46
2021-08-09,COVID19Certificates,CH,all,50306,6899033,2021-09-23_09-56-46
2021-08-09,COVID19Certificates,CH,recovered,1245,131717,2021-09-23_09-56-46
2021-08-09,COVID19Certificates,CH,tested,27831,1586062,2021-09-23_09-56-46
2021-08-09,COVID19Certificates,CH,vaccinated,21230,5181254,2021-09-23_09-56-46
2021-08-10,COVID19Certificates,CH,all,48633,6947666,2021-09-23_09-56-46
2021-08-10,COVID19Certificates,CH,recovered,1442,133159,2021-09-23_09-56-46
2021-08-10,COVID19Certificates,CH,tested,24159,1610221,2021-09-23_09-56-46
2021-08-10,COVID19Certificates,CH,vaccinated,23032,5204286,2021-09-23_09-56-46
2021-08-11,COVID19Certificates,CH,all,50303,6997969,2021-09-23_09-56-46
2021-08-11,COVID19Certificates,CH,recovered,1635,134794,2021-09-23_09-56-46
2021-08-11,COVID19Certificates,CH,tested,25801,1636022,2021-09-23_09-56-46
2021-08-11,COVID19Certificates,CH,vaccinated,22867,5227153,2021-09-23_09-56-46
2021-08-12,COVID19Certificates,CH,all,62355,7060324,2021-09-23_09-56-46
2021-08-12,COVID19Certificates,CH,recovered,1463,136257,2021-09-23_09-56-46
2021-08-12,COVID19Certificates,CH,tested,36730,1672752,2021-09-23_09-56-46
2021-08-12,COVID19Certificates,CH,vaccinated,24162,5251315,2021-09-23_09-56-46
2021-08-13,COVID19Certificates,CH,all,87869,7148193,2021-09-23_09-56-46
2021-08-13,COVID19Certificates,CH,recovered,1603,137860,2021-09-23_09-56-46
2021-08-13,COVID19Certificates,CH,tested,61828,1734580,2021-09-23_09-56-46
2021-08-13,COVID19Certificates,CH,vaccinated,24438,5275753,2021-09-23_09-56-46
2021-08-14,COVID19Certificates,CH,all,61437,7209630,2021-09-23_09-56-46
2021-08-14,COVID19Certificates,CH,recovered,1080,138940,2021-09-23_09-56-46
2021-08-14,COVID19Certificates,CH,tested,52131,1786711,2021-09-23_09-56-46
2021-08-14,COVID19Certificates,CH,vaccinated,8226,5283979,2021-09-23_09-56-46
2021-08-15,COVID19Certificates,CH,all,23088,7232718,2021-09-23_09-56-46
2021-08-15,COVID19Certificates,CH,recovered,836,139776,2021-09-23_09-56-46
2021-08-15,COVID19Certificates,CH,tested,20142,1806853,2021-09-23_09-56-46
2021-08-15,COVID19Certificates,CH,vaccinated,2110,5286089,2021-09-23_09-56-46
2021-08-16,COVID19Certificates,CH,all,47684,7280402,2021-09-23_09-56-46
2021-08-16,COVID19Certificates,CH,recovered,1980,141756,2021-09-23_09-56-46
2021-08-16,COVID19Certificates,CH,tested,24514,1831367,2021-09-23_09-56-46
2021-08-16,COVID19Certificates,CH,vaccinated,21190,5307279,2021-09-23_09-56-46
2021-08-17,COVID19Certificates,CH,all,49764,7330166,2021-09-23_09-56-46
2021-08-17,COVID19Certificates,CH,recovered,2304,144060,2021-09-23_09-56-46
2021-08-17,COVID19Certificates,CH,tested,24064,1855431,2021-09-23_09-56-46
2021-08-17,COVID19Certificates,CH,vaccinated,23396,5330675,2021-09-23_09-56-46
2021-08-18,COVID19Certificates,CH,all,51381,7381547,2021-09-23_09-56-46
2021-08-18,COVID19Certificates,CH,recovered,2064,146124,2021-09-23_09-56-46
2021-08-18,COVID19Certificates,CH,tested,26551,1881982,2021-09-23_09-56-46
2021-08-18,COVID19Certificates,CH,vaccinated,22766,5353441,2021-09-23_09-56-46
2021-08-19,COVID19Certificates,CH,all,62983,7444530,2021-09-23_09-56-46
2021-08-19,COVID19Certificates,CH,recovered,2007,148131,2021-09-23_09-56-46
2021-08-19,COVID19Certificates,CH,tested,39432,1921414,2021-09-23_09-56-46
2021-08-19,COVID19Certificates,CH,vaccinated,21544,5374985,2021-09-23_09-56-46
2021-08-20,COVID19Certificates,CH,all,93552,7538082,2021-09-23_09-56-46
2021-08-20,COVID19Certificates,CH,recovered,1837,149968,2021-09-23_09-56-46
2021-08-20,COVID19Certificates,CH,tested,67984,1989398,2021-09-23_09-56-46
2021-08-20,COVID19Certificates,CH,vaccinated,23731,5398716,2021-09-23_09-56-46
2021-08-21,COVID19Certificates,CH,all,68894,7606976,2021-09-23_09-56-46
2021-08-21,COVID19Certificates,CH,recovered,1569,151537,2021-09-23_09-56-46
2021-08-21,COVID19Certificates,CH,tested,56497,2045895,2021-09-23_09-56-46
2021-08-21,COVID19Certificates,CH,vaccinated,10828,5409544,2021-09-23_09-56-46
2021-08-22,COVID19Certificates,CH,all,24168,7631144,2021-09-23_09-56-46
2021-08-22,COVID19Certificates,CH,recovered,1205,152742,2021-09-23_09-56-46
2021-08-22,COVID19Certificates,CH,tested,20372,2066267,2021-09-23_09-56-46
2021-08-22,COVID19Certificates,CH,vaccinated,2591,5412135,2021-09-23_09-56-46
2021-08-23,COVID19Certificates,CH,all,47423,7678567,2021-09-23_09-56-46
2021-08-23,COVID19Certificates,CH,recovered,2288,155030,2021-09-23_09-56-46
2021-08-23,COVID19Certificates,CH,tested,25923,2092190,2021-09-23_09-56-46
2021-08-23,COVID19Certificates,CH,vaccinated,19212,5431347,2021-09-23_09-56-46
2021-08-24,COVID19Certificates,CH,all,49344,7727911,2021-09-23_09-56-46
2021-08-24,COVID19Certificates,CH,recovered,2554,157584,2021-09-23_09-56-46
2021-08-24,COVID19Certificates,CH,tested,24387,2116577,2021-09-23_09-56-46
2021-08-24,COVID19Certificates,CH,vaccinated,22403,5453750,2021-09-23_09-56-46
2021-08-25,COVID19Certificates,CH,all,56148,7784059,2021-09-23_09-56-46
2021-08-25,COVID19Certificates,CH,recovered,2760,160344,2021-09-23_09-56-46
2021-08-25,COVID19Certificates,CH,tested,31346,2147923,2021-09-23_09-56-46
2021-08-25,COVID19Certificates,CH,vaccinated,22042,5475792,2021-09-23_09-56-46
2021-08-26,COVID19Certificates,CH,all,69040,7853099,2021-09-23_09-56-46
2021-08-26,COVID19Certificates,CH,recovered,2462,162806,2021-09-23_09-56-46
2021-08-26,COVID19Certificates,CH,tested,43219,2191142,2021-09-23_09-56-46
2021-08-26,COVID19Certificates,CH,vaccinated,23359,5499151,2021-09-23_09-56-46
2021-08-27,COVID19Certificates,CH,all,105652,7958751,2021-09-23_09-56-46
2021-08-27,COVID19Certificates,CH,recovered,2577,165383,2021-09-23_09-56-46
2021-08-27,COVID19Certificates,CH,tested,79830,2270972,2021-09-23_09-56-46
2021-08-27,COVID19Certificates,CH,vaccinated,23245,5522396,2021-09-23_09-56-46
2021-08-28,COVID19Certificates,CH,all,80183,8038934,2021-09-23_09-56-46
2021-08-28,COVID19Certificates,CH,recovered,1753,167136,2021-09-23_09-56-46
2021-08-28,COVID19Certificates,CH,tested,65383,2336355,2021-09-23_09-56-46
2021-08-28,COVID19Certificates,CH,vaccinated,13047,5535443,2021-09-23_09-56-46
2021-08-29,COVID19Certificates,CH,all,28518,8067452,2021-09-23_09-56-46
2021-08-29,COVID19Certificates,CH,recovered,1754,168890,2021-09-23_09-56-46
2021-08-29,COVID19Certificates,CH,tested,23691,2360046,2021-09-23_09-56-46
2021-08-29,COVID19Certificates,CH,vaccinated,3073,5538516,2021-09-23_09-56-46
2021-08-30,COVID19Certificates,CH,all,49194,8116646,2021-09-23_09-56-46
2021-08-30,COVID19Certificates,CH,recovered,2445,171335,2021-09-23_09-56-46
2021-08-30,COVID19Certificates,CH,tested,27206,2387252,2021-09-23_09-56-46
2021-08-30,COVID19Certificates,CH,vaccinated,19543,5558059,2021-09-23_09-56-46
2021-08-31,COVID19Certificates,CH,all,55802,8172448,2021-09-23_09-56-46
2021-08-31,COVID19Certificates,CH,recovered,2804,174139,2021-09-23_09-56-46
2021-08-31,COVID19Certificates,CH,tested,30920,2418172,2021-09-23_09-56-46
2021-08-31,COVID19Certificates,CH,vaccinated,22078,5580137,2021-09-23_09-56-46
2021-09-01,COVID19Certificates,CH,all,56996,8229444,2021-09-23_09-56-46
2021-09-01,COVID19Certificates,CH,recovered,2761,176900,2021-09-23_09-56-46
2021-09-01,COVID19Certificates,CH,tested,32186,2450358,2021-09-23_09-56-46
2021-09-01,COVID19Certificates,CH,vaccinated,22049,5602186,2021-09-23_09-56-46
2021-09-02,COVID19Certificates,CH,all,69888,8299332,2021-09-23_09-56-46
2021-09-02,COVID19Certificates,CH,recovered,2695,179595,2021-09-23_09-56-46
2021-09-02,COVID19Certificates,CH,tested,47092,2497450,2021-09-23_09-56-46
2021-09-02,COVID19Certificates,CH,vaccinated,20101,5622287,2021-09-23_09-56-46
2021-09-03,COVID19Certificates,CH,all,120012,8419344,2021-09-23_09-56-46
2021-09-03,COVID19Certificates,CH,recovered,2591,182186,2021-09-23_09-56-46
2021-09-03,COVID19Certificates,CH,tested,94105,2591555,2021-09-23_09-56-46
2021-09-03,COVID19Certificates,CH,vaccinated,23316,5645603,2021-09-23_09-56-46
2021-09-04,COVID19Certificates,CH,all,89617,8508961,2021-09-23_09-56-46
2021-09-04,COVID19Certificates,CH,recovered,1798,183984,2021-09-23_09-56-46
2021-09-04,COVID19Certificates,CH,tested,77986,2669541,2021-09-23_09-56-46
2021-09-04,COVID19Certificates,CH,vaccinated,9833,5655436,2021-09-23_09-56-46
2021-09-05,COVID19Certificates,CH,all,32863,8541824,2021-09-23_09-56-46
2021-09-05,COVID19Certificates,CH,recovered,1627,185611,2021-09-23_09-56-46
2021-09-05,COVID19Certificates,CH,tested,27153,2696694,2021-09-23_09-56-46
2021-09-05,COVID19Certificates,CH,vaccinated,4083,5659519,2021-09-23_09-56-46
2021-09-06,COVID19Certificates,CH,all,51132,8592956,2021-09-23_09-56-46
2021-09-06,COVID19Certificates,CH,recovered,3252,188863,2021-09-23_09-56-46
2021-09-06,COVID19Certificates,CH,tested,29758,2726452,2021-09-23_09-56-46
2021-09-06,COVID19Certificates,CH,vaccinated,18122,5677641,2021-09-23_09-56-46
2021-09-07,COVID19Certificates,CH,all,58088,8651044,2021-09-23_09-56-46
2021-09-07,COVID19Certificates,CH,recovered,3486,192349,2021-09-23_09-56-46
2021-09-07,COVID19Certificates,CH,tested,34119,2760571,2021-09-23_09-56-46
2021-09-07,COVID19Certificates,CH,vaccinated,20483,5698124,2021-09-23_09-56-46
2021-09-08,COVID19Certificates,CH,all,72137,8723181,2021-09-23_09-56-46
2021-09-08,COVID19Certificates,CH,recovered,4523,196872,2021-09-23_09-56-46
2021-09-08,COVID19Certificates,CH,tested,41075,2801646,2021-09-23_09-56-46
2021-09-08,COVID19Certificates,CH,vaccinated,26539,5724663,2021-09-23_09-56-46
2021-09-09,COVID19Certificates,CH,all,82154,8805335,2021-09-23_09-56-46
2021-09-09,COVID19Certificates,CH,recovered,4368,201240,2021-09-23_09-56-46
2021-09-09,COVID19Certificates,CH,tested,48963,2850609,2021-09-23_09-56-46
2021-09-09,COVID19Certificates,CH,vaccinated,28823,5753486,2021-09-23_09-56-46
2021-09-10,COVID19Certificates,CH,all,129683,8935018,2021-09-23_09-56-46
2021-09-10,COVID19Certificates,CH,recovered,4115,205355,2021-09-23_09-56-46
2021-09-10,COVID19Certificates,CH,tested,92149,2942758,2021-09-23_09-56-46
2021-09-10,COVID19Certificates,CH,vaccinated,33419,5786905,2021-09-23_09-56-46
2021-09-11,COVID19Certificates,CH,all,99000,9034018,2021-09-23_09-56-46
2021-09-11,COVID19Certificates,CH,recovered,2420,207775,2021-09-23_09-56-46
2021-09-11,COVID19Certificates,CH,tested,77624,3020382,2021-09-23_09-56-46
2021-09-11,COVID19Certificates,CH,vaccinated,18956,5805861,2021-09-23_09-56-46
2021-09-12,COVID19Certificates,CH,all,34998,9069016,2021-09-23_09-56-46
2021-09-12,COVID19Certificates,CH,recovered,1092,208867,2021-09-23_09-56-46
2021-09-12,COVID19Certificates,CH,tested,28632,3049014,2021-09-23_09-56-46
2021-09-12,COVID19Certificates,CH,vaccinated,5274,5811135,2021-09-23_09-56-46
2021-09-13,COVID19Certificates,CH,all,96978,9165994,2021-09-23_09-56-46
2021-09-13,COVID19Certificates,CH,recovered,4760,213627,2021-09-23_09-56-46
2021-09-13,COVID19Certificates,CH,tested,59697,3108711,2021-09-23_09-56-46
2021-09-13,COVID19Certificates,CH,vaccinated,32521,5843656,2021-09-23_09-56-46
2021-09-14,COVID19Certificates,CH,all,101246,9267240,2021-09-23_09-56-46
2021-09-14,COVID19Certificates,CH,recovered,4113,217740,2021-09-23_09-56-46
2021-09-14,COVID19Certificates,CH,tested,62631,3171342,2021-09-23_09-56-46
2021-09-14,COVID19Certificates,CH,vaccinated,34502,5878158,2021-09-23_09-56-46
2021-09-15,COVID19Certificates,CH,all,111917,9379157,2021-09-23_09-56-46
2021-09-15,COVID19Certificates,CH,recovered,4019,221759,2021-09-23_09-56-46
2021-09-15,COVID19Certificates,CH,tested,69209,3240551,2021-09-23_09-56-46
2021-09-15,COVID19Certificates,CH,vaccinated,38689,5916847,2021-09-23_09-56-46
2021-09-16,COVID19Certificates,CH,all,124978,9504135,2021-09-23_09-56-46
2021-09-16,COVID19Certificates,CH,recovered,3540,225299,2021-09-23_09-56-46
2021-09-16,COVID19Certificates,CH,tested,87403,3327954,2021-09-23_09-56-46
2021-09-16,COVID19Certificates,CH,vaccinated,34035,5950882,2021-09-23_09-56-46
2021-09-17,COVID19Certificates,CH,all,195467,9699602,2021-09-23_09-56-46
2021-09-17,COVID19Certificates,CH,recovered,3652,228951,2021-09-23_09-56-46
2021-09-17,COVID19Certificates,CH,tested,153691,3481645,2021-09-23_09-56-46
2021-09-17,COVID19Certificates,CH,vaccinated,38124,5989006,2021-09-23_09-56-46
2021-09-18,COVID19Certificates,CH,all,135417,9835019,2021-09-23_09-56-46
2021-09-18,COVID19Certificates,CH,recovered,2208,231159,2021-09-23_09-56-46
2021-09-18,COVID19Certificates,CH,tested,115304,3596949,2021-09-23_09-56-46
2021-09-18,COVID19Certificates,CH,vaccinated,17905,6006911,2021-09-23_09-56-46
2021-09-19,COVID19Certificates,CH,all,47692,9882711,2021-09-23_09-56-46
2021-09-19,COVID19Certificates,CH,recovered,1980,233139,2021-09-23_09-56-46
2021-09-19,COVID19Certificates,CH,tested,38664,3635613,2021-09-23_09-56-46
2021-09-19,COVID19Certificates,CH,vaccinated,7048,6013959,2021-09-23_09-56-46
2021-09-20,COVID19Certificates,CH,all,98787,9981498,2021-09-23_09-56-46
2021-09-20,COVID19Certificates,CH,recovered,2918,236057,2021-09-23_09-56-46
2021-09-20,COVID19Certificates,CH,tested,68796,3704409,2021-09-23_09-56-46
2021-09-20,COVID19Certificates,CH,vaccinated,27073,6041032,2021-09-23_09-56-46
2021-09-21,COVID19Certificates,CH,all,106453,10087951,2021-09-23_09-56-46
2021-09-21,COVID19Certificates,CH,recovered,3581,239638,2021-09-23_09-56-46
2021-09-21,COVID19Certificates,CH,tested,74122,3778531,2021-09-23_09-56-46
2021-09-21,COVID19Certificates,CH,vaccinated,28750,6069782,2021-09-23_09-56-46
2021-09-22,COVID19Certificates,CH,all,111935,10199886,2021-09-23_09-56-46
2021-09-22,COVID19Certificates,CH,recovered,2769,242407,2021-09-23_09-56-46
2021-09-22,COVID19Certificates,CH,tested,79307,3857838,2021-09-23_09-56-46
2021-09-22,COVID19Certificates,CH,vaccinated,29859,6099641,2021-09-23_09-56-46